<?xml version="1.0" encoding="UTF-8"?>
<export version="E">
  <design>
    <source>C:\Users\SpaceshipEAC\Documents\Sensor_Confetti_Simple\Sensor_Confetti_Simple.kicad_sch</source>
    <date>29/06/2023 14:39:28</date>
    <tool>Eeschema 7.0.5</tool>
    <sheet number="1" name="/" tstamps="/">
      <title_block>
        <title>Sensor Confetti</title>
        <company>European Space Agency</company>
        <rev/>
        <date>2023-06-21</date>
        <source>Sensor_Confetti_Simple.kicad_sch</source>
        <comment number="1" value="Spaceship EAC"/>
        <comment number="2" value="Author: Jacopo Carra"/>
        <comment number="3" value=""/>
        <comment number="4" value=""/>
        <comment number="5" value=""/>
        <comment number="6" value=""/>
        <comment number="7" value=""/>
        <comment number="8" value=""/>
        <comment number="9" value=""/>
      </title_block>
    </sheet>
  </design>
  <components>
    <comp ref="BT1">
      <value>3.7V - 1100mAh</value>
      <footprint>Connector_JST:JST_ACH_BM02B-ACHSS-GAN-ETF_1x02-1MP_P1.20mm_Vertical</footprint>
      <libsource lib="Device" part="Battery_Cell" description="Single-cell battery"/>
      <property name="Sheetname" value=""/>
      <property name="Sheetfile" value="Sensor_Confetti_Simple.kicad_sch"/>
      <property name="ki_description" value="Single-cell battery"/>
      <property name="ki_keywords" value="battery cell"/>
      <sheetpath names="/" tstamps="/"/>
      <tstamps>e0c4658a-26d3-4065-90f4-1bea9c1af0f6</tstamps>
    </comp>
    <comp ref="C1">
      <value>1uF</value>
      <footprint>Capacitor_SMD:C_0603_1608Metric</footprint>
      <libsource lib="Device" part="C_Small" description="Unpolarized capacitor, small symbol"/>
      <property name="Sheetname" value=""/>
      <property name="Sheetfile" value="Sensor_Confetti_Simple.kicad_sch"/>
      <property name="ki_description" value="Unpolarized capacitor, small symbol"/>
      <property name="ki_keywords" value="capacitor cap"/>
      <sheetpath names="/" tstamps="/"/>
      <tstamps>e2449899-0c3d-442a-84ab-9cd18d609dd1</tstamps>
    </comp>
    <comp ref="C2">
      <value>0.1uF</value>
      <footprint>Capacitor_SMD:C_1210_3225Metric</footprint>
      <libsource lib="Device" part="C_Small" description="Unpolarized capacitor, small symbol"/>
      <property name="Sheetname" value=""/>
      <property name="Sheetfile" value="Sensor_Confetti_Simple.kicad_sch"/>
      <property name="ki_description" value="Unpolarized capacitor, small symbol"/>
      <property name="ki_keywords" value="capacitor cap"/>
      <sheetpath names="/" tstamps="/"/>
      <tstamps>30170c89-e9f3-4957-9ada-13e250ea901c</tstamps>
    </comp>
    <comp ref="C3">
      <value>0.1uF</value>
      <footprint>Capacitor_SMD:C_1210_3225Metric</footprint>
      <libsource lib="Device" part="C_Small" description="Unpolarized capacitor, small symbol"/>
      <property name="Sheetname" value=""/>
      <property name="Sheetfile" value="Sensor_Confetti_Simple.kicad_sch"/>
      <property name="ki_description" value="Unpolarized capacitor, small symbol"/>
      <property name="ki_keywords" value="capacitor cap"/>
      <sheetpath names="/" tstamps="/"/>
      <tstamps>98802eca-4609-46f9-85e3-061c2d85ee8e</tstamps>
    </comp>
    <comp ref="C4">
      <value>0.1uF</value>
      <footprint>Capacitor_SMD:C_1210_3225Metric</footprint>
      <libsource lib="Device" part="C_Small" description="Unpolarized capacitor, small symbol"/>
      <property name="Sheetname" value=""/>
      <property name="Sheetfile" value="Sensor_Confetti_Simple.kicad_sch"/>
      <property name="ki_description" value="Unpolarized capacitor, small symbol"/>
      <property name="ki_keywords" value="capacitor cap"/>
      <sheetpath names="/" tstamps="/"/>
      <tstamps>273fff75-f286-41cc-a65a-7a53c98e76cc</tstamps>
    </comp>
    <comp ref="C5">
      <value>0.1uF</value>
      <footprint>Capacitor_SMD:C_1210_3225Metric</footprint>
      <libsource lib="Device" part="C_Small" description="Unpolarized capacitor, small symbol"/>
      <property name="Sheetname" value=""/>
      <property name="Sheetfile" value="Sensor_Confetti_Simple.kicad_sch"/>
      <property name="ki_description" value="Unpolarized capacitor, small symbol"/>
      <property name="ki_keywords" value="capacitor cap"/>
      <sheetpath names="/" tstamps="/"/>
      <tstamps>a2d72a4a-da7a-4686-872b-92a095d78dfa</tstamps>
    </comp>
    <comp ref="C6">
      <value>0.1uF</value>
      <footprint>Capacitor_SMD:C_1210_3225Metric</footprint>
      <libsource lib="Device" part="C_Small" description="Unpolarized capacitor, small symbol"/>
      <property name="Sheetname" value=""/>
      <property name="Sheetfile" value="Sensor_Confetti_Simple.kicad_sch"/>
      <property name="ki_description" value="Unpolarized capacitor, small symbol"/>
      <property name="ki_keywords" value="capacitor cap"/>
      <sheetpath names="/" tstamps="/"/>
      <tstamps>dbbdcb7c-44d7-4990-9ce7-44c35b7fc96f</tstamps>
    </comp>
    <comp ref="C7">
      <value>0.1uF</value>
      <footprint>Capacitor_SMD:C_1210_3225Metric</footprint>
      <libsource lib="Device" part="C_Small" description="Unpolarized capacitor, small symbol"/>
      <property name="Sheetname" value=""/>
      <property name="Sheetfile" value="Sensor_Confetti_Simple.kicad_sch"/>
      <property name="ki_description" value="Unpolarized capacitor, small symbol"/>
      <property name="ki_keywords" value="capacitor cap"/>
      <sheetpath names="/" tstamps="/"/>
      <tstamps>db41e930-6fe1-4cf4-9d8c-96d42639b91b</tstamps>
    </comp>
    <comp ref="Q1">
      <value>BSS138</value>
      <footprint>Package_TO_SOT_SMD:SOT-23</footprint>
      <datasheet>https://www.onsemi.com/pub/Collateral/BSS138-D.PDF</datasheet>
      <libsource lib="Transistor_FET" part="BSS138" description="50V Vds, 0.22A Id, N-Channel MOSFET, SOT-23"/>
      <property name="Sheetname" value=""/>
      <property name="Sheetfile" value="Sensor_Confetti_Simple.kicad_sch"/>
      <property name="ki_description" value="50V Vds, 0.22A Id, N-Channel MOSFET, SOT-23"/>
      <property name="ki_keywords" value="N-Channel MOSFET"/>
      <sheetpath names="/" tstamps="/"/>
      <tstamps>d0edf048-c500-40b9-b0ea-4b743f0bd07d</tstamps>
    </comp>
    <comp ref="Q2">
      <value>BSS138</value>
      <footprint>Package_TO_SOT_SMD:SOT-23</footprint>
      <datasheet>https://www.onsemi.com/pub/Collateral/BSS138-D.PDF</datasheet>
      <libsource lib="Transistor_FET" part="BSS138" description="50V Vds, 0.22A Id, N-Channel MOSFET, SOT-23"/>
      <property name="Sheetname" value=""/>
      <property name="Sheetfile" value="Sensor_Confetti_Simple.kicad_sch"/>
      <property name="ki_description" value="50V Vds, 0.22A Id, N-Channel MOSFET, SOT-23"/>
      <property name="ki_keywords" value="N-Channel MOSFET"/>
      <sheetpath names="/" tstamps="/"/>
      <tstamps>610abe4e-adb8-415a-a4fd-62afdbb2b76d</tstamps>
    </comp>
    <comp ref="R1">
      <value>10k</value>
      <footprint>Resistor_SMD:R_1206_3216Metric</footprint>
      <libsource lib="Device" part="R_Small" description="Resistor, small symbol"/>
      <property name="Sheetname" value=""/>
      <property name="Sheetfile" value="Sensor_Confetti_Simple.kicad_sch"/>
      <property name="ki_description" value="Resistor, small symbol"/>
      <property name="ki_keywords" value="R resistor"/>
      <sheetpath names="/" tstamps="/"/>
      <tstamps>c1708810-ca0b-47c0-962b-c03bf17c7fa8</tstamps>
    </comp>
    <comp ref="R2">
      <value>10k</value>
      <footprint>Resistor_SMD:R_1206_3216Metric</footprint>
      <libsource lib="Device" part="R_Small" description="Resistor, small symbol"/>
      <property name="Sheetname" value=""/>
      <property name="Sheetfile" value="Sensor_Confetti_Simple.kicad_sch"/>
      <property name="ki_description" value="Resistor, small symbol"/>
      <property name="ki_keywords" value="R resistor"/>
      <sheetpath names="/" tstamps="/"/>
      <tstamps>54a50bf4-7e67-420c-a7d9-2eed5842b0a4</tstamps>
    </comp>
    <comp ref="R3">
      <value>10k</value>
      <footprint>Resistor_SMD:R_1206_3216Metric</footprint>
      <libsource lib="Device" part="R_Small" description="Resistor, small symbol"/>
      <property name="Sheetname" value=""/>
      <property name="Sheetfile" value="Sensor_Confetti_Simple.kicad_sch"/>
      <property name="ki_description" value="Resistor, small symbol"/>
      <property name="ki_keywords" value="R resistor"/>
      <sheetpath names="/" tstamps="/"/>
      <tstamps>e8fdeb9e-fb38-462f-8fbc-8a748f58f804</tstamps>
    </comp>
    <comp ref="R4">
      <value>10k</value>
      <footprint>Resistor_SMD:R_1206_3216Metric</footprint>
      <libsource lib="Device" part="R_Small" description="Resistor, small symbol"/>
      <property name="Sheetname" value=""/>
      <property name="Sheetfile" value="Sensor_Confetti_Simple.kicad_sch"/>
      <property name="ki_description" value="Resistor, small symbol"/>
      <property name="ki_keywords" value="R resistor"/>
      <sheetpath names="/" tstamps="/"/>
      <tstamps>d3679f86-2488-4d2f-a621-3028a47a4262</tstamps>
    </comp>
    <comp ref="R5">
      <value>10k</value>
      <footprint>Resistor_SMD:R_1206_3216Metric</footprint>
      <libsource lib="Device" part="R_Small" description="Resistor, small symbol"/>
      <property name="Sheetname" value=""/>
      <property name="Sheetfile" value="Sensor_Confetti_Simple.kicad_sch"/>
      <property name="ki_description" value="Resistor, small symbol"/>
      <property name="ki_keywords" value="R resistor"/>
      <sheetpath names="/" tstamps="/"/>
      <tstamps>ef2b9d19-ff22-43d0-b8dd-d9a8a3620961</tstamps>
    </comp>
    <comp ref="U1">
      <value>ESP32-WROOM-32U</value>
      <footprint>RF_Module:ESP32-WROOM-32U</footprint>
      <datasheet>https://www.espressif.com/sites/default/files/documentation/esp32-wroom-32d_esp32-wroom-32u_datasheet_en.pdf</datasheet>
      <libsource lib="RF_Module" part="ESP32-WROOM-32U" description="RF Module, ESP32-D0WD SoC, Wi-Fi 802.11b/g/n, Bluetooth, BLE, 32-bit, 2.7-3.6V, external antenna, SMD"/>
      <property name="Sheetname" value=""/>
      <property name="Sheetfile" value="Sensor_Confetti_Simple.kicad_sch"/>
      <property name="ki_description" value="RF Module, ESP32-D0WD SoC, Wi-Fi 802.11b/g/n, Bluetooth, BLE, 32-bit, 2.7-3.6V, external antenna, SMD"/>
      <property name="ki_keywords" value="RF Radio BT ESP ESP32 Espressif external U.FL antenna"/>
      <sheetpath names="/" tstamps="/"/>
      <tstamps>fe83496f-6232-4cd4-9171-99960434c25e</tstamps>
    </comp>
    <comp ref="U2">
      <value>MIC5225-1.8YM5</value>
      <footprint>Package_TO_SOT_SMD:SOT-23-5</footprint>
      <datasheet>http://ww1.microchip.com/downloads/en/DeviceDoc/20005785A.pdf</datasheet>
      <libsource lib="Regulator_Linear" part="MIC5205-2.5YM5" description="150mA low dropout linear regulator, fixed 2.5V output, SOT-23-5"/>
      <property name="Sheetname" value=""/>
      <property name="Sheetfile" value="Sensor_Confetti_Simple.kicad_sch"/>
      <property name="ki_description" value="150mA low dropout linear regulator, fixed 2.5V output, SOT-23-5"/>
      <property name="ki_keywords" value="150mA low-noise LDO linear voltage regulator fixed positive"/>
      <sheetpath names="/" tstamps="/"/>
      <tstamps>ac7dd267-9ed8-4b72-87ec-951df71d66ae</tstamps>
    </comp>
    <comp ref="U3">
      <value>ICM-20948</value>
      <footprint>Sensor_Motion:InvenSense_QFN-24_3x3mm_P0.4mm</footprint>
      <datasheet>http://www.invensense.com/wp-content/uploads/2016/06/DS-000189-ICM-20948-v1.3.pdf</datasheet>
      <libsource lib="Sensor_Motion" part="ICM-20948" description="InvenSense 9-Axis Motion Sensor, Accelerometer, Gyroscope, Compass, I2C/SPI, QFN-24"/>
      <property name="Sheetname" value=""/>
      <property name="Sheetfile" value="Sensor_Confetti_Simple.kicad_sch"/>
      <property name="ki_description" value="InvenSense 9-Axis Motion Sensor, Accelerometer, Gyroscope, Compass, I2C/SPI, QFN-24"/>
      <property name="ki_keywords" value="mems magnetometer"/>
      <sheetpath names="/" tstamps="/"/>
      <tstamps>056b3294-9b17-46d5-80fc-766c51d659de</tstamps>
    </comp>
  </components>
  <libparts>
    <libpart lib="Device" part="Battery_Cell">
      <description>Single-cell battery</description>
      <docs>~</docs>
      <fields>
        <field name="Reference">BT1</field>
        <field name="Value">3.7V - 1100mAh</field>
        <field name="Datasheet">~</field>
      </fields>
      <pins>
        <pin num="1" name="+" type="passive"/>
        <pin num="2" name="-" type="passive"/>
      </pins>
    </libpart>
    <libpart lib="Device" part="C_Small">
      <description>Unpolarized capacitor, small symbol</description>
      <docs>~</docs>
      <footprints>
        <fp>C_*</fp>
      </footprints>
      <fields>
        <field name="Reference">C</field>
        <field name="Value">C_Small</field>
        <field name="Datasheet">~</field>
      </fields>
      <pins>
        <pin num="1" name="" type="passive"/>
        <pin num="2" name="" type="passive"/>
      </pins>
    </libpart>
    <libpart lib="Device" part="R_Small">
      <description>Resistor, small symbol</description>
      <docs>~</docs>
      <footprints>
        <fp>R_*</fp>
      </footprints>
      <fields>
        <field name="Reference">R</field>
        <field name="Value">R_Small</field>
        <field name="Datasheet">~</field>
      </fields>
      <pins>
        <pin num="1" name="" type="passive"/>
        <pin num="2" name="" type="passive"/>
      </pins>
    </libpart>
    <libpart lib="RF_Module" part="ESP32-WROOM-32U">
      <description>RF Module, ESP32-D0WD SoC, Wi-Fi 802.11b/g/n, Bluetooth, BLE, 32-bit, 2.7-3.6V, external antenna, SMD</description>
      <docs>https://www.espressif.com/sites/default/files/documentation/esp32-wroom-32d_esp32-wroom-32u_datasheet_en.pdf</docs>
      <footprints>
        <fp>ESP32?WROOM?32U*</fp>
      </footprints>
      <fields>
        <field name="Reference">U</field>
        <field name="Value">ESP32-WROOM-32U</field>
        <field name="Footprint">RF_Module:ESP32-WROOM-32U</field>
        <field name="Datasheet">https://www.espressif.com/sites/default/files/documentation/esp32-wroom-32d_esp32-wroom-32u_datasheet_en.pdf</field>
      </fields>
      <pins>
        <pin num="1" name="GND" type="power_in"/>
        <pin num="2" name="VDD" type="power_in"/>
        <pin num="3" name="EN" type="input"/>
        <pin num="4" name="SENSOR_VP" type="input"/>
        <pin num="5" name="SENSOR_VN" type="input"/>
        <pin num="6" name="IO34" type="input"/>
        <pin num="7" name="IO35" type="input"/>
        <pin num="8" name="IO32" type="bidirectional"/>
        <pin num="9" name="IO33" type="bidirectional"/>
        <pin num="10" name="IO25" type="bidirectional"/>
        <pin num="11" name="IO26" type="bidirectional"/>
        <pin num="12" name="IO27" type="bidirectional"/>
        <pin num="13" name="IO14" type="bidirectional"/>
        <pin num="14" name="IO12" type="bidirectional"/>
        <pin num="15" name="GND" type="passive"/>
        <pin num="16" name="IO13" type="bidirectional"/>
        <pin num="17" name="SHD/SD2" type="bidirectional"/>
        <pin num="18" name="SWP/SD3" type="bidirectional"/>
        <pin num="19" name="SCS/CMD" type="bidirectional"/>
        <pin num="20" name="SCK/CLK" type="bidirectional"/>
        <pin num="21" name="SDO/SD0" type="bidirectional"/>
        <pin num="22" name="SDI/SD1" type="bidirectional"/>
        <pin num="23" name="IO15" type="bidirectional"/>
        <pin num="24" name="IO2" type="bidirectional"/>
        <pin num="25" name="IO0" type="bidirectional"/>
        <pin num="26" name="IO4" type="bidirectional"/>
        <pin num="27" name="IO16" type="bidirectional"/>
        <pin num="28" name="IO17" type="bidirectional"/>
        <pin num="29" name="IO5" type="bidirectional"/>
        <pin num="30" name="IO18" type="bidirectional"/>
        <pin num="31" name="IO19" type="bidirectional"/>
        <pin num="32" name="NC" type="no_connect"/>
        <pin num="33" name="IO21" type="bidirectional"/>
        <pin num="34" name="RXD0/IO3" type="bidirectional"/>
        <pin num="35" name="TXD0/IO1" type="bidirectional"/>
        <pin num="36" name="IO22" type="bidirectional"/>
        <pin num="37" name="IO23" type="bidirectional"/>
        <pin num="38" name="GND" type="passive"/>
        <pin num="39" name="GND" type="passive"/>
      </pins>
    </libpart>
    <libpart lib="Regulator_Linear" part="MIC5205-2.5YM5">
      <description>150mA low dropout linear regulator, fixed 2.5V output, SOT-23-5</description>
      <docs>http://ww1.microchip.com/downloads/en/DeviceDoc/20005785A.pdf</docs>
      <footprints>
        <fp>SOT?23*</fp>
      </footprints>
      <fields>
        <field name="Reference">U</field>
        <field name="Value">MIC5205-2.5YM5</field>
        <field name="Footprint">Package_TO_SOT_SMD:SOT-23-5</field>
        <field name="Datasheet">http://ww1.microchip.com/downloads/en/DeviceDoc/20005785A.pdf</field>
      </fields>
      <pins>
        <pin num="1" name="IN" type="power_in"/>
        <pin num="2" name="GND" type="power_in"/>
        <pin num="3" name="EN" type="input"/>
        <pin num="4" name="BP" type="input"/>
        <pin num="5" name="OUT" type="power_out"/>
      </pins>
    </libpart>
    <libpart lib="Sensor_Motion" part="ICM-20948">
      <description>InvenSense 9-Axis Motion Sensor, Accelerometer, Gyroscope, Compass, I2C/SPI, QFN-24</description>
      <docs>http://www.invensense.com/wp-content/uploads/2016/06/DS-000189-ICM-20948-v1.3.pdf</docs>
      <footprints>
        <fp>InvenSense?QFN*3x3mm*P0.4mm*</fp>
      </footprints>
      <fields>
        <field name="Reference">U4</field>
        <field name="Value">ICM-20948</field>
        <field name="Footprint">Sensor_Motion:InvenSense_QFN-24_3x3mm_P0.4mm</field>
        <field name="Datasheet">http://www.invensense.com/wp-content/uploads/2016/06/DS-000189-ICM-20948-v1.3.pdf</field>
      </fields>
      <pins>
        <pin num="1" name="NC" type="no_connect"/>
        <pin num="2" name="NC" type="no_connect"/>
        <pin num="3" name="NC" type="no_connect"/>
        <pin num="4" name="NC" type="no_connect"/>
        <pin num="5" name="NC" type="no_connect"/>
        <pin num="6" name="NC" type="no_connect"/>
        <pin num="7" name="AUX_CL" type="output"/>
        <pin num="8" name="VDDIO" type="power_in"/>
        <pin num="9" name="SDO/AD0" type="bidirectional"/>
        <pin num="10" name="REGOUT" type="passive"/>
        <pin num="11" name="FSYNC" type="input"/>
        <pin num="12" name="INT1" type="output"/>
        <pin num="13" name="VDD" type="power_in"/>
        <pin num="14" name="NC" type="no_connect"/>
        <pin num="15" name="NC" type="no_connect"/>
        <pin num="16" name="NC" type="no_connect"/>
        <pin num="17" name="NC" type="no_connect"/>
        <pin num="18" name="GND" type="power_in"/>
        <pin num="19" name="RESV" type="no_connect"/>
        <pin num="20" name="GND" type="passive"/>
        <pin num="21" name="AUX_DA" type="bidirectional"/>
        <pin num="22" name="~{CS}" type="input"/>
        <pin num="23" name="SCL/SCLK" type="input"/>
        <pin num="24" name="SDA/SDI" type="bidirectional"/>
      </pins>
    </libpart>
    <libpart lib="Transistor_FET" part="BSS138">
      <description>50V Vds, 0.22A Id, N-Channel MOSFET, SOT-23</description>
      <docs>https://www.onsemi.com/pub/Collateral/BSS138-D.PDF</docs>
      <footprints>
        <fp>SOT?23*</fp>
      </footprints>
      <fields>
        <field name="Reference">Q</field>
        <field name="Value">BSS138</field>
        <field name="Footprint">Package_TO_SOT_SMD:SOT-23</field>
        <field name="Datasheet">https://www.onsemi.com/pub/Collateral/BSS138-D.PDF</field>
      </fields>
      <pins>
        <pin num="1" name="G" type="input"/>
        <pin num="2" name="S" type="passive"/>
        <pin num="3" name="D" type="passive"/>
      </pins>
    </libpart>
  </libparts>
  <libraries>
    <library logical="Device">
      <uri>C:\Program Files\KiCad\7.0\share\kicad\symbols\/Device.kicad_sym</uri>
    </library>
    <library logical="RF_Module">
      <uri>C:\Program Files\KiCad\7.0\share\kicad\symbols\/RF_Module.kicad_sym</uri>
    </library>
    <library logical="Regulator_Linear">
      <uri>C:\Program Files\KiCad\7.0\share\kicad\symbols\/Regulator_Linear.kicad_sym</uri>
    </library>
    <library logical="Sensor_Motion">
      <uri>C:\Program Files\KiCad\7.0\share\kicad\symbols\/Sensor_Motion.kicad_sym</uri>
    </library>
    <library logical="Transistor_FET">
      <uri>C:\Program Files\KiCad\7.0\share\kicad\symbols\/Transistor_FET.kicad_sym</uri>
    </library>
  </libraries>
  <nets>
    <net code="1" name="+1V8">
      <node ref="U3" pin="22" pinfunction="~{CS}" pintype="input"/>
    </net>
    <net code="2" name="+3.3V">
      <node ref="BT1" pin="1" pinfunction="+" pintype="passive"/>
    </net>
    <net code="3" name="/DIO0">
      <node ref="U1" pin="11" pinfunction="IO26" pintype="bidirectional"/>
    </net>
    <net code="4" name="/DIO1">
      <node ref="U1" pin="7" pinfunction="IO35" pintype="input"/>
    </net>
    <net code="5" name="/DIO2">
      <node ref="U1" pin="6" pinfunction="IO34" pintype="input"/>
    </net>
    <net code="6" name="/LoRa_NSS">
      <node ref="U1" pin="30" pinfunction="IO18" pintype="bidirectional"/>
    </net>
    <net code="7" name="/LoRa_Reset">
      <node ref="U1" pin="13" pinfunction="IO14" pintype="bidirectional"/>
    </net>
    <net code="8" name="/SCL_1V8">
      <node ref="Q1" pin="2" pinfunction="S" pintype="passive"/>
      <node ref="R4" pin="1" pintype="passive"/>
      <node ref="U3" pin="23" pinfunction="SCL/SCLK" pintype="input"/>
    </net>
    <net code="9" name="/SCL_3V">
      <node ref="Q1" pin="3" pinfunction="D" pintype="passive"/>
      <node ref="R2" pin="1" pintype="passive"/>
      <node ref="U1" pin="36" pinfunction="IO22" pintype="bidirectional"/>
    </net>
    <net code="10" name="/SDA_1V8">
      <node ref="Q2" pin="2" pinfunction="S" pintype="passive"/>
      <node ref="R5" pin="1" pintype="passive"/>
      <node ref="U3" pin="24" pinfunction="SDA/SDI" pintype="bidirectional"/>
    </net>
    <net code="11" name="/SDA_3V">
      <node ref="Q2" pin="3" pinfunction="D" pintype="passive"/>
      <node ref="R3" pin="1" pintype="passive"/>
      <node ref="U1" pin="33" pinfunction="IO21" pintype="bidirectional"/>
    </net>
    <net code="12" name="/SPI1_MISO">
      <node ref="U1" pin="31" pinfunction="IO19" pintype="bidirectional"/>
    </net>
    <net code="13" name="/SPI1_MOSI">
      <node ref="U1" pin="12" pinfunction="IO27" pintype="bidirectional"/>
    </net>
    <net code="14" name="/SPI1_SCK">
      <node ref="U1" pin="29" pinfunction="IO5" pintype="bidirectional"/>
    </net>
    <net code="15" name="GND">
      <node ref="BT1" pin="2" pinfunction="-" pintype="passive"/>
      <node ref="C1" pin="2" pintype="passive"/>
      <node ref="C2" pin="2" pintype="passive"/>
      <node ref="C3" pin="2" pintype="passive"/>
      <node ref="C4" pin="1" pintype="passive"/>
      <node ref="C5" pin="1" pintype="passive"/>
      <node ref="C6" pin="1" pintype="passive"/>
      <node ref="C7" pin="1" pintype="passive"/>
      <node ref="U1" pin="1" pinfunction="GND" pintype="power_in"/>
      <node ref="U1" pin="15" pinfunction="GND" pintype="passive"/>
      <node ref="U1" pin="38" pinfunction="GND" pintype="passive"/>
      <node ref="U1" pin="39" pinfunction="GND" pintype="passive"/>
      <node ref="U2" pin="2" pinfunction="GND" pintype="power_in"/>
      <node ref="U3" pin="18" pinfunction="GND" pintype="power_in"/>
      <node ref="U3" pin="20" pinfunction="GND" pintype="passive"/>
      <node ref="U3" pin="9" pinfunction="SDO/AD0" pintype="bidirectional"/>
    </net>
    <net code="16" name="Net-(Q1-G)">
      <node ref="Q1" pin="1" pinfunction="G" pintype="input"/>
    </net>
    <net code="17" name="Net-(Q2-G)">
      <node ref="Q2" pin="1" pinfunction="G" pintype="input"/>
    </net>
    <net code="18" name="Net-(R1-Pad2)">
      <node ref="R1" pin="2" pintype="passive"/>
    </net>
    <net code="19" name="Net-(R2-Pad2)">
      <node ref="R2" pin="2" pintype="passive"/>
    </net>
    <net code="20" name="Net-(R3-Pad2)">
      <node ref="R3" pin="2" pintype="passive"/>
    </net>
    <net code="21" name="Net-(R4-Pad2)">
      <node ref="R4" pin="2" pintype="passive"/>
    </net>
    <net code="22" name="Net-(R5-Pad2)">
      <node ref="R5" pin="2" pintype="passive"/>
    </net>
    <net code="23" name="Net-(U1-EN)">
      <node ref="C1" pin="1" pintype="passive"/>
      <node ref="R1" pin="1" pintype="passive"/>
      <node ref="U1" pin="3" pinfunction="EN" pintype="input"/>
    </net>
    <net code="24" name="Net-(U1-VDD)">
      <node ref="C2" pin="1" pintype="passive"/>
      <node ref="U1" pin="2" pinfunction="VDD" pintype="power_in"/>
    </net>
    <net code="25" name="Net-(U2-EN)">
      <node ref="C3" pin="1" pintype="passive"/>
      <node ref="U2" pin="1" pinfunction="IN" pintype="power_in"/>
      <node ref="U2" pin="3" pinfunction="EN" pintype="input"/>
    </net>
    <net code="26" name="Net-(U2-OUT)">
      <node ref="C4" pin="2" pintype="passive"/>
      <node ref="U2" pin="5" pinfunction="OUT" pintype="power_out"/>
    </net>
    <net code="27" name="Net-(U3-REGOUT)">
      <node ref="C7" pin="2" pintype="passive"/>
      <node ref="U3" pin="10" pinfunction="REGOUT" pintype="passive"/>
    </net>
    <net code="28" name="Net-(U3-VDD)">
      <node ref="C6" pin="2" pintype="passive"/>
      <node ref="U3" pin="13" pinfunction="VDD" pintype="power_in"/>
    </net>
    <net code="29" name="Net-(U3-VDDIO)">
      <node ref="C5" pin="2" pintype="passive"/>
      <node ref="U3" pin="8" pinfunction="VDDIO" pintype="power_in"/>
    </net>
    <net code="30" name="unconnected-(U1-IO0-Pad25)">
      <node ref="U1" pin="25" pinfunction="IO0" pintype="bidirectional+no_connect"/>
    </net>
    <net code="31" name="unconnected-(U1-IO2-Pad24)">
      <node ref="U1" pin="24" pinfunction="IO2" pintype="bidirectional+no_connect"/>
    </net>
    <net code="32" name="unconnected-(U1-IO4-Pad26)">
      <node ref="U1" pin="26" pinfunction="IO4" pintype="bidirectional+no_connect"/>
    </net>
    <net code="33" name="unconnected-(U1-IO12-Pad14)">
      <node ref="U1" pin="14" pinfunction="IO12" pintype="bidirectional+no_connect"/>
    </net>
    <net code="34" name="unconnected-(U1-IO13-Pad16)">
      <node ref="U1" pin="16" pinfunction="IO13" pintype="bidirectional+no_connect"/>
    </net>
    <net code="35" name="unconnected-(U1-IO15-Pad23)">
      <node ref="U1" pin="23" pinfunction="IO15" pintype="bidirectional+no_connect"/>
    </net>
    <net code="36" name="unconnected-(U1-IO16-Pad27)">
      <node ref="U1" pin="27" pinfunction="IO16" pintype="bidirectional+no_connect"/>
    </net>
    <net code="37" name="unconnected-(U1-IO17-Pad28)">
      <node ref="U1" pin="28" pinfunction="IO17" pintype="bidirectional+no_connect"/>
    </net>
    <net code="38" name="unconnected-(U1-IO23-Pad37)">
      <node ref="U1" pin="37" pinfunction="IO23" pintype="bidirectional+no_connect"/>
    </net>
    <net code="39" name="unconnected-(U1-IO25-Pad10)">
      <node ref="U1" pin="10" pinfunction="IO25" pintype="bidirectional+no_connect"/>
    </net>
    <net code="40" name="unconnected-(U1-IO32-Pad8)">
      <node ref="U1" pin="8" pinfunction="IO32" pintype="bidirectional+no_connect"/>
    </net>
    <net code="41" name="unconnected-(U1-IO33-Pad9)">
      <node ref="U1" pin="9" pinfunction="IO33" pintype="bidirectional+no_connect"/>
    </net>
    <net code="42" name="unconnected-(U1-NC-Pad32)">
      <node ref="U1" pin="32" pinfunction="NC" pintype="no_connect"/>
    </net>
    <net code="43" name="unconnected-(U1-RXD0{slash}IO3-Pad34)">
      <node ref="U1" pin="34" pinfunction="RXD0/IO3" pintype="bidirectional+no_connect"/>
    </net>
    <net code="44" name="unconnected-(U1-SCK{slash}CLK-Pad20)">
      <node ref="U1" pin="20" pinfunction="SCK/CLK" pintype="bidirectional+no_connect"/>
    </net>
    <net code="45" name="unconnected-(U1-SCS{slash}CMD-Pad19)">
      <node ref="U1" pin="19" pinfunction="SCS/CMD" pintype="bidirectional+no_connect"/>
    </net>
    <net code="46" name="unconnected-(U1-SDI{slash}SD1-Pad22)">
      <node ref="U1" pin="22" pinfunction="SDI/SD1" pintype="bidirectional+no_connect"/>
    </net>
    <net code="47" name="unconnected-(U1-SDO{slash}SD0-Pad21)">
      <node ref="U1" pin="21" pinfunction="SDO/SD0" pintype="bidirectional+no_connect"/>
    </net>
    <net code="48" name="unconnected-(U1-SENSOR_VN-Pad5)">
      <node ref="U1" pin="5" pinfunction="SENSOR_VN" pintype="input+no_connect"/>
    </net>
    <net code="49" name="unconnected-(U1-SENSOR_VP-Pad4)">
      <node ref="U1" pin="4" pinfunction="SENSOR_VP" pintype="input+no_connect"/>
    </net>
    <net code="50" name="unconnected-(U1-SHD{slash}SD2-Pad17)">
      <node ref="U1" pin="17" pinfunction="SHD/SD2" pintype="bidirectional+no_connect"/>
    </net>
    <net code="51" name="unconnected-(U1-SWP{slash}SD3-Pad18)">
      <node ref="U1" pin="18" pinfunction="SWP/SD3" pintype="bidirectional+no_connect"/>
    </net>
    <net code="52" name="unconnected-(U1-TXD0{slash}IO1-Pad35)">
      <node ref="U1" pin="35" pinfunction="TXD0/IO1" pintype="bidirectional+no_connect"/>
    </net>
    <net code="53" name="unconnected-(U2-BP-Pad4)">
      <node ref="U2" pin="4" pinfunction="BP" pintype="input+no_connect"/>
    </net>
    <net code="54" name="unconnected-(U3-AUX_CL-Pad7)">
      <node ref="U3" pin="7" pinfunction="AUX_CL" pintype="output+no_connect"/>
    </net>
    <net code="55" name="unconnected-(U3-AUX_DA-Pad21)">
      <node ref="U3" pin="21" pinfunction="AUX_DA" pintype="bidirectional+no_connect"/>
    </net>
    <net code="56" name="unconnected-(U3-FSYNC-Pad11)">
      <node ref="U3" pin="11" pinfunction="FSYNC" pintype="input+no_connect"/>
    </net>
    <net code="57" name="unconnected-(U3-INT1-Pad12)">
      <node ref="U3" pin="12" pinfunction="INT1" pintype="output+no_connect"/>
    </net>
    <net code="58" name="unconnected-(U3-NC-Pad1)">
      <node ref="U3" pin="1" pinfunction="NC" pintype="no_connect"/>
    </net>
    <net code="59" name="unconnected-(U3-NC-Pad2)">
      <node ref="U3" pin="2" pinfunction="NC" pintype="no_connect"/>
    </net>
    <net code="60" name="unconnected-(U3-NC-Pad3)">
      <node ref="U3" pin="3" pinfunction="NC" pintype="no_connect"/>
    </net>
    <net code="61" name="unconnected-(U3-NC-Pad4)">
      <node ref="U3" pin="4" pinfunction="NC" pintype="no_connect"/>
    </net>
    <net code="62" name="unconnected-(U3-NC-Pad5)">
      <node ref="U3" pin="5" pinfunction="NC" pintype="no_connect"/>
    </net>
    <net code="63" name="unconnected-(U3-NC-Pad6)">
      <node ref="U3" pin="6" pinfunction="NC" pintype="no_connect"/>
    </net>
    <net code="64" name="unconnected-(U3-NC-Pad14)">
      <node ref="U3" pin="14" pinfunction="NC" pintype="no_connect"/>
    </net>
    <net code="65" name="unconnected-(U3-NC-Pad15)">
      <node ref="U3" pin="15" pinfunction="NC" pintype="no_connect"/>
    </net>
    <net code="66" name="unconnected-(U3-NC-Pad16)">
      <node ref="U3" pin="16" pinfunction="NC" pintype="no_connect"/>
    </net>
    <net code="67" name="unconnected-(U3-NC-Pad17)">
      <node ref="U3" pin="17" pinfunction="NC" pintype="no_connect"/>
    </net>
    <net code="68" name="unconnected-(U3-RESV-Pad19)">
      <node ref="U3" pin="19" pinfunction="RESV" pintype="no_connect"/>
    </net>
  </nets>
</export>
